model,accuracy
Dense,0.43160000443458557
CNN,0.6934000253677368
